b,chi,seed,trueError,b,chi,seed,trueError,NOR,COR,ROR,IROR,LBOR,
16,8,16,432.3094921659034,411,11,12,12,101,
16,8,761,354.1334105494595,800,237,313,245,461,
16,8,713,392.477297873465,527,800,800,800,154,
16,8,683,475.3227107410689,451,800,800,800,136,
16,8,573,417.6490997266533,347,800,800,800,99,
16,8,412,338.0892148269751,241,57,53,49,121,
